{"v":4,"entries":{"概要--docs":{"id":"概要--docs","title":"概要","name":"Docs","importPath":"./src/stories/Configure.mdx","storiesImports":[],"type":"docs","tags":["unattached-mdx","docs"]},"example-iscasbutton--docs":{"id":"example-iscasbutton--docs","title":"Example/IscasButton","name":"Docs","importPath":"./src/stories/IscasButton.stories.ts","type":"docs","tags":["autodocs","docs"],"storiesImports":[]},"example-iscasbutton--primary":{"type":"story","id":"example-iscasbutton--primary","name":"Primary","title":"Example/IscasButton","importPath":"./src/stories/IscasButton.stories.ts","tags":["autodocs","story"]},"example-iscasbutton--secondary":{"type":"story","id":"example-iscasbutton--secondary","name":"Secondary","title":"Example/IscasButton","importPath":"./src/stories/IscasButton.stories.ts","tags":["autodocs","story"]},"example-iscasbutton--large":{"type":"story","id":"example-iscasbutton--large","name":"Large","title":"Example/IscasButton","importPath":"./src/stories/IscasButton.stories.ts","tags":["autodocs","story"]}}}
