{"v":3,"stories":{"概要--docs":{"id":"概要--docs","title":"概要","name":"Docs","importPath":"./src/stories/Configure.mdx","storiesImports":[],"tags":["unattached-mdx","docs"],"kind":"概要","story":"Docs","parameters":{"__id":"概要--docs","docsOnly":true,"fileName":"./src/stories/Configure.mdx"}},"example-iscasbutton--docs":{"id":"example-iscasbutton--docs","title":"Example/IscasButton","name":"Docs","importPath":"./src/stories/IscasButton.stories.ts","tags":["autodocs","docs"],"storiesImports":[],"kind":"Example/IscasButton","story":"Docs","parameters":{"__id":"example-iscasbutton--docs","docsOnly":true,"fileName":"./src/stories/IscasButton.stories.ts"}},"example-iscasbutton--primary":{"id":"example-iscasbutton--primary","name":"Primary","title":"Example/IscasButton","importPath":"./src/stories/IscasButton.stories.ts","tags":["autodocs","story"],"kind":"Example/IscasButton","story":"Primary","parameters":{"__id":"example-iscasbutton--primary","docsOnly":false,"fileName":"./src/stories/IscasButton.stories.ts"}},"example-iscasbutton--secondary":{"id":"example-iscasbutton--secondary","name":"Secondary","title":"Example/IscasButton","importPath":"./src/stories/IscasButton.stories.ts","tags":["autodocs","story"],"kind":"Example/IscasButton","story":"Secondary","parameters":{"__id":"example-iscasbutton--secondary","docsOnly":false,"fileName":"./src/stories/IscasButton.stories.ts"}},"example-iscasbutton--large":{"id":"example-iscasbutton--large","name":"Large","title":"Example/IscasButton","importPath":"./src/stories/IscasButton.stories.ts","tags":["autodocs","story"],"kind":"Example/IscasButton","story":"Large","parameters":{"__id":"example-iscasbutton--large","docsOnly":false,"fileName":"./src/stories/IscasButton.stories.ts"}}}}
